<?xml version="1.0" encoding="UTF-8"?>
<beans xmlns="http://www.springframework.org/schema/beans"
       xmlns:xsi="http://www.w3.org/2001/XMLSchema-instance"
       xmlns:lang="http://www.springframework.org/schema/lang"
       xsi:schemaLocation="http://www.springframework.org/schema/beans http://www.springframework.org/schema/beans/spring-beans-3.0.xsd
                           http://www.springframework.org/schema/lang http://www.springframework.org/schema/lang/spring-lang-3.0.xsd">

	<!-- This file just wires together the context tree. Its accessed by ContextSingletonBeanFactoryLocator -->
	
	<bean id="placeholderConfig"
		class="org.springframework.beans.factory.config.PropertyPlaceholderConfigurer">
		<property name="location" value="classpath:/red5.properties" />
	</bean>

	<!-- First we load the common context, its shared between all the other contexts -->
	<!-- Global context serves as the parent to all child contexts. -->
	<bean id="red5.common"
  	    class="org.springframework.context.support.FileSystemXmlApplicationContext">
    	<constructor-arg><list><value>classpath:/red5-common.xml</value></list></constructor-arg>
	</bean>
	
	<!-- Then we load the core context, with the common as parent --> 
	<!-- Context holding all the networking, users should need to edit. -->
	<bean id="red5.core"
  	    class="org.springframework.context.support.FileSystemXmlApplicationContext">
    	<constructor-arg><list><value>classpath:/red5-core.xml</value></list></constructor-arg>
    	<constructor-arg><ref bean="red5.common" /></constructor-arg>
	</bean>

	<!-- Then we load the global contexts, note its important this happens before app container loads -->
	<bean id="context.loader" 
		class="org.red5.server.ContextLoader"
		init-method="init" destroy-method="uninit">
		<property name="parentContext" ref="red5.common" />
		<property name="contextsConfig" value="classpath:/red5.globals" />
		<property name="useShutdownHook" value="false" />
	</bean>	
	
    	<bean id="pluginLauncher" class="org.red5.server.plugin.PluginLauncher" />
	
	<!-- Now we can load the servlet engine, this has to happen after the context are loaded -->
	<!-- Jetty servlet engine / http server -->
<!--
 	<bean id="jetty6.server" class="org.red5.server.jetty.JettyLoader" init-method="init" autowire="byType" depends-on="context.loader">
		<property name="webappFolder" value="${red5.root}/webapps" />
	</bean>
-->

	<!-- Tomcat servlet engine / http server -->
	<bean id="tomcat.server" class="org.red5.server.tomcat.TomcatLoader" init-method="init" destroy-method="shutdown" depends-on="context.loader">

		<property name="webappFolder" value="${red5.root}/webapps" />
			      
	    <property name="connector">
			<bean class="org.apache.catalina.connector.Connector">
				<!-- Blocking I/O -->
				<constructor-arg type="java.lang.String" value="org.apache.coyote.http11.Http11Protocol" />
				<!-- Non-blocking I/O -->
				<!--
				<constructor-arg type="java.lang.String" value="org.apache.coyote.http11.Http11NioProtocol" />	
				-->
                <property name="port"><value>${http.port}</value></property>
		        <property name="redirectPort"><value>${https.port}</value></property>
                <property name="enableLookups"><value>false</value></property>
                <property name="useIPVHosts"><value>true</value></property>
			</bean>
	    </property>
	    	
        <property name="address">
            <bean class="java.net.InetSocketAddress">
                <constructor-arg index="0" type="java.lang.String" value="${http.host}" />  
                <constructor-arg index="1" type="int" value="${http.port}" />  
            </bean>	
        </property>
	    	
        <property name="baseHost">
	       <bean class="org.apache.catalina.core.StandardHost">
	           <property name="name" value="${http.host}" />
	           <property name="unpackWARs" value="true" />
	           <property name="autoDeploy" value="true" />
	           <property name="xmlValidation" value="false" />
	           <property name="xmlNamespaceAware" value="false" />
	       </bean>	   
	    </property>		

		<property name="valves">
      		<list>
	    		<bean id="valve.access" class="org.apache.catalina.valves.AccessLogValve">
	                <property name="directory" value="log" />
	                <property name="prefix" value="${http.host}_access." />
	                <property name="suffix" value=".log" />
	                <property name="pattern" value="common" />
	                <property name="resolveHosts" value="false" />
	                <property name="rotatable" value="true" />
	        	</bean>
        	</list>
        </property>
	    
	</bean>     	
	
</beans>
